Name,Score,Date
손수건,123,2025-01-14 00:05:16
선풍기,234,2025-01-14 00:05:24
요가매트,143,2025-01-14 00:05:28
짱구,342,2025-01-14 00:05:31
스탠딩,654,2025-01-14 00:05:38
랏쏘,234,2025-01-14 00:05:41
가루,125,2025-01-14 15:09:58
리전,542,2025-01-14 15:11:45
오천,154,2025-01-14 15:12:15
모나미,154,2025-01-14 15:12:31
아멜,412,2025-01-14 15:13:54
소켓종료,415,2025-01-14 15:14:14
부부붕,542,2025-01-14 15:15:51
새로고침,421,2025-01-14 15:18:11
시큐어,256,2025-01-14 15:19:14
삼초테슷,456,2025-01-14 15:20:18
봐봐됨,245,2025-01-14 15:22:29
스타벅스,135,2025-01-14 15:24:46
파란문,423,2025-01-14 15:25:43
출퇴근,456,2025-01-14 15:26:58
픽스드,234,2025-01-14 15:30:54
큐알가림,258,2025-01-14 15:32:09
큐큐아아,512,2025-01-14 15:33:00
이부부,426,2025-01-14 15:35:41
국로로,741,2025-01-14 15:41:57
비러룽,345,2025-01-14 15:43:52
성립이,321,2025-01-14 15:45:45
커넷션,222,2025-01-14 15:46:07
전체에쫙,254,2025-01-14 15:48:11
당연히,235,2025-01-14 15:53:59
채나나,354,2025-01-14 16:01:23
테스스,421,2025-01-14 16:02:22
제이에스,321,2025-01-14 16:03:12
레프,231,2025-01-14 16:04:02
기긱기,321,2025-01-14 16:04:45
페일드,222,2025-01-14 16:07:03
페페이,245,2025-01-14 16:07:20
원인,111,2025-01-14 16:08:42
꾸짖을갈,999,2025-01-14 16:12:18
갈갈이,231,2025-01-14 16:15:46
가르르,245,2025-01-14 16:16:56
아르릉,245,2025-01-14 16:35:43
정확히,111,2025-01-14 16:36:55
재도전,213,2025-01-14 16:37:33
가가가,213,2025-01-14 17:06:52
팍씨,215,2025-01-14 17:08:04
고공,512,2025-01-14 17:09:42
부다다,245,2025-01-14 17:12:56
이예에,521,2025-01-14 17:21:11
가보자공,454,2025-01-14 17:22:23
홍김동,523,2025-01-14 17:25:19
끼끼끼,532,2025-01-14 17:25:41
기기깅,423,2025-01-14 17:26:34
소소아,32,2025-01-14 17:26:43
재시도,213,2025-01-14 17:29:08
재재,213,2025-01-14 17:29:21
진짜로,521,2025-01-14 17:30:22
으땨,213,2025-01-14 17:33:23
캡쳐,522,2025-01-14 17:35:57
캡쳐좀돼,444,2025-01-14 17:39:28
될걸,521,2025-01-14 17:41:31
조세호,234,2025-01-14 17:49:20
홍진경,564,2025-01-14 17:50:52
스코어어,245,2025-01-14 17:53:28
기다려,325,2025-01-14 17:54:59
대기,623,2025-01-14 17:56:10
고고우,523,2025-01-14 17:57:17
살벌하다,245,2025-01-14 17:58:47
가봄,584,2025-01-14 18:03:26
웅앵앵,845,2025-01-14 18:06:07
테스트,546,2025-01-14 18:08:04
뿌뿌,584,2025-01-14 18:08:43
부루루,548,2025-01-14 18:09:28
곱창밴드,584,2025-01-14 18:10:24
박대기,654,2025-01-14 18:15:30
진짜되는,547,2025-01-14 18:16:31
으헝헝,547,2025-01-14 18:18:37
구로롱,845,2025-01-14 18:20:01
뷰포인트,258,2025-01-14 18:21:34
뷰뷰로,654,2025-01-14 18:23:22
입력가봄,154,2025-01-14 18:32:25
해고고,543,2025-01-14 18:33:16
콘첸츠,158,2025-01-14 18:34:47
리퀘,268,2025-01-14 18:35:21
재입력,698,2025-01-14 18:36:15
제이슨,369,2025-01-14 18:37:57
머리가가,687,2025-01-14 18:39:20
될거같은,475,2025-01-14 18:40:40
이브러,365,2025-01-14 18:42:31
스마트폰,587,2025-01-14 18:44:05
소소우,587,2025-01-14 18:45:12
없슈,745,2025-01-14 18:47:34
미령,584,2025-01-14 18:49:57
차가미령,965,2025-01-14 18:51:51
큐알르,698,2025-01-14 18:53:24
큐영으,587,2025-01-14 18:54:50
쉬발됐다,698,2025-01-14 18:57:55
마스크,745,2025-01-15 08:10:46
큐아랄,741,2025-01-15 08:16:56
콘솔,521,2025-01-15 08:18:23
부분적,241,2025-01-15 08:24:15
스다벅스,111,2025-01-15 08:27:17
아무거또,245,2025-01-15 08:31:33
미용티슈,245,2025-01-15 08:34:02
이차전,265,2025-01-15 08:34:16
설정값,233,2025-01-15 08:36:12
으댜댜,278,2025-01-15 08:37:29
오도도,265,2025-01-15 08:37:45
너무잘됨,286,2025-01-15 08:38:38
다시다시,876,2025-01-15 08:38:55
재도도,789,2025-01-15 08:40:04
이비비,854,2025-01-15 09:47:34
이부부A,546,2025-01-15 09:49:23
후훙,412,2025-01-15 09:52:10
이로우,213,2025-01-15 09:52:50
옥씨,895,2025-01-15 09:53:34
우잉,221,2025-01-15 09:54:54
도우아,365,2025-01-15 09:55:01
방방방,654,2025-01-15 09:57:04
고고루,365,2025-01-15 09:57:30
다다시,246,2025-01-15 09:57:38
빠밤,654,2025-01-15 09:57:44
극적인,287,2025-01-15 09:59:08
꼬꼬,368,2025-01-15 10:00:15
멀티미,354,2025-01-15 10:02:26
카밀,875,2025-01-15 10:03:09
뿌뿌A,578,2025-01-15 10:03:43
오이엥,689,2025-01-15 10:03:50
커피머신,888,2025-01-15 10:04:09
하찮이,854,2025-01-15 10:05:13
센터병,168,2025-01-15 10:05:42
창문,222,2025-01-15 10:11:58
붕바옹,678,2025-01-15 10:12:17
슬라이드,845,2025-01-15 10:12:50
부배부,654,2025-01-15 10:13:01
노라아,623,2025-01-15 10:13:58
다뒤이이,579,2025-01-15 10:14:07
점수아,546,2025-01-15 10:15:34
드러가,356,2025-01-15 10:16:00
가운데,666,2025-01-15 10:16:25
구래라,256,2025-01-15 10:30:42
가가운데,258,2025-01-15 10:31:24
우랴랴,246,2025-01-15 10:33:33
배고파,754,2025-01-15 10:34:05
칠십,777,2025-01-15 10:34:40
커피,245,2025-01-15 10:35:26
일점오배,256,2025-01-15 10:36:01
아하,152,2025-01-15 10:36:31
어쩔티비,555,2025-01-15 10:42:32
정품인증,444,2025-01-15 10:42:40
안되는,578,2025-01-15 11:05:54
히우우,548,2025-01-15 11:07:17
이벌아,268,2025-01-15 11:08:23
붐붐파우,246,2025-01-15 11:10:01
우아이우,548,2025-01-15 11:11:13
바옹우아,548,2025-01-15 11:11:52
부인전,456,2025-01-15 11:12:38
우아아,246,2025-01-15 11:13:03
뭐에오,246,2025-01-15 11:13:36
위치이상,233,2025-01-15 11:13:41
이우앙,265,2025-01-15 11:15:10
쿠아아,266,2025-01-15 11:15:49
이겅,215,2025-01-15 11:16:19
고고다섯,456,2025-01-15 11:20:58
바바부,589,2025-01-15 11:22:02
다시리리,263,2025-01-15 11:22:09
이상한데,456,2025-01-15 11:22:19
바바밤,258,2025-01-15 11:22:42
기구아,215,2025-01-15 11:23:15
다시다마,487,2025-01-15 11:23:22
우허흥,563,2025-01-15 11:24:02
티슈,478,2025-01-15 11:24:11
네네치킨,445,2025-01-15 11:24:59
재기동,258,2025-01-15 11:44:39
다시하너,159,2025-01-15 11:44:48
고고구구,485,2025-01-15 11:45:29
엥잉,259,2025-01-15 11:45:36
히든코어,178,2025-01-15 11:46:31
점심시간,259,2025-01-15 11:47:29
너무빨라,549,2025-01-15 11:47:36
이상하나,594,2025-01-15 11:47:48
다시다시A,784,2025-01-15 11:47:52
그렇게까,598,2025-01-15 11:48:08
바부바우,875,2025-01-15 11:49:01
넘느려요,485,2025-01-15 11:49:11
안정화,879,2025-01-15 11:49:17
냥냥펀치,987,2025-01-15 11:49:46
오애이오,548,2025-01-15 11:50:20
함버나알,598,2025-01-15 11:50:27
루루아아,654,2025-01-15 11:50:33
점심시간A,578,2025-01-15 13:22:07
닫힘,879,2025-01-15 13:22:33
이잉,879,2025-01-15 13:22:57
다히사우,548,2025-01-15 13:23:03
도우양,845,2025-01-15 13:23:12
미리미리,671,2025-01-15 13:24:19
덕밥,168,2025-01-15 13:26:44
우리집에,548,2025-01-15 13:28:32
다음턴,879,2025-01-15 13:28:46
우리알아,548,2025-01-15 13:54:37
수면장애,269,2025-01-15 13:56:45
시커스,587,2025-01-15 13:58:00
폰트이중,589,2025-01-15 14:02:05
임지연,819,2025-01-15 15:34:35
품질저하,100,2025-01-15 15:36:20
아르르르,215,2025-01-15 16:12:45
아루루루,513,2025-01-15 16:13:01